"nome";"categoria";"codigo";"tamanhos";"cores";"precoFornecedor";"imagem";"original";"recorte";"bloco"
"Blusa Kelly";"Blusas";"null";"P, M, G, GG, EXG";"null";"79,90";"assets/imagens/produtos/blusa-kelly.png";"assets/imagens/produtos/catalogo-0011-original.jpg";"sim";"11"
"Saia Kelly";"Saias";"null";"P, M, G, GG";"null";"139,90";"assets/imagens/produtos/saia-kelly.png";"assets/imagens/produtos/catalogo-0011-original.jpg";"sim";"11"
"Vestido Tamara";"Vestidos";"null";"P, M, G, GG, EXG";"null";"214,90";"assets/imagens/produtos/vestido-tamara.jpg";"assets/imagens/produtos/vestido-tamara.jpg";"nao";"16"
"Vestido Janete";"Vestidos";"null";"P, M, G, GG, EXG";"null";"249,90";"assets/imagens/produtos/vestido-janete.jpg";"assets/imagens/produtos/vestido-janete.jpg";"nao";"18"
"Vestido Cecy";"Vestidos";"null";"P, M, G, GG, EXG";"null";"219,90";"assets/imagens/produtos/vestido-cecy.jpg";"assets/imagens/produtos/vestido-cecy.jpg";"nao";"33"
"Vestido Malu";"Vestidos";"null";"P, M, G";"null";"219,90";"assets/imagens/produtos/vestido-malu.jpg";"assets/imagens/produtos/vestido-malu.jpg";"nao";"34"
"Vestido Carla";"Vestidos";"null";"PP, P, M, G, GG";"null";"179,90";"assets/imagens/produtos/vestido-carla.jpg";"assets/imagens/produtos/vestido-carla.jpg";"nao";"36"
"Blusa Tânia";"Blusas";"null";"P, M, G, GG, EXG";"null";"74,90";"assets/imagens/produtos/blusa-tania.png";"assets/imagens/produtos/catalogo-0038-original.jpg";"sim";"38"
"Blusa Patrícia";"Blusas";"null";"P, M, EXG";"null";"86,90";"assets/imagens/produtos/blusa-patricia.png";"assets/imagens/produtos/catalogo-0039-original.jpg";"sim";"39"
"Saia Sueli";"Saias";"01180";"P, M, G, GG, EXG";"null";"79,90";"assets/imagens/produtos/saia-sueli.png";"assets/imagens/produtos/catalogo-0039-original.jpg";"sim";"39"
"Blusa Marta";"Blusas";"null";"P, M, G, EXG";"null";"77,90";"assets/imagens/produtos/blusa-marta.png";"assets/imagens/produtos/catalogo-0040-original.jpg";"sim";"40"
"Vestido Lenita";"Vestidos";"null";"PP, P, M, G, GG";"null";"179,90";"assets/imagens/produtos/vestido-lenita.jpg";"assets/imagens/produtos/vestido-lenita.jpg";"nao";"42"
"Blusa Guta";"Blusas";"null";"P, M, GG, EXG";"null";"79,90";"assets/imagens/produtos/blusa-guta.png";"assets/imagens/produtos/catalogo-0046-original.jpg";"sim";"46"
"Vestido Thaila";"Vestidos";"null";"PP, P, M, G, GG";"null";"199,90";"assets/imagens/produtos/vestido-thaila.jpg";"assets/imagens/produtos/vestido-thaila.jpg";"nao";"49"
"Vestido Jennifer";"Vestidos";"null";"P";"null";"209,90";"assets/imagens/produtos/vestido-jennifer.jpg";"assets/imagens/produtos/vestido-jennifer.jpg";"nao";"56"
"Vestido Carolina";"Vestidos";"null";"P, M, EXG";"null";"219,90";"assets/imagens/produtos/vestido-carolina.jpg";"assets/imagens/produtos/vestido-carolina.jpg";"nao";"60"
"Vestido Suzete";"Vestidos";"null";"P, M, G, GG, EXG";"null";"249,90";"assets/imagens/produtos/vestido-suzete.jpg";"assets/imagens/produtos/vestido-suzete.jpg";"nao";"61"
"Vestido Emília";"Vestidos";"null";"PP, P, M";"null";"189,90";"assets/imagens/produtos/vestido-emilia.jpg";"assets/imagens/produtos/vestido-emilia.jpg";"nao";"65"
"Vestido Laila";"Vestidos";"01404";"PP, P, M, G, GG";"null";"199,90";"assets/imagens/produtos/vestido-laila.jpg";"assets/imagens/produtos/vestido-laila.jpg";"nao";"68"
"Vestido Analise";"Vestidos";"null";"PP, P, M, G, GG";"null";"189,90";"assets/imagens/produtos/vestido-analise.jpg";"assets/imagens/produtos/vestido-analise.jpg";"nao";"69"
"Conjunto Tamy";"Conjuntos";"null";"EXG";"null";"165,90";"assets/imagens/produtos/conjunto-tamy.jpg";"assets/imagens/produtos/conjunto-tamy.jpg";"nao";"73"
"Vestido Gildete";"Vestidos";"01391";"P, M, G, EXG";"null";"189,90";"assets/imagens/produtos/vestido-gildete.jpg";"assets/imagens/produtos/vestido-gildete.jpg";"nao";"77"
"Vestido Nicole";"Vestidos";"01419";"M";"null";"199,90";"assets/imagens/produtos/vestido-nicole.jpg";"assets/imagens/produtos/vestido-nicole.jpg";"nao";"87"
"Vestido Tamires";"Vestidos";"null";"P, M, G, GG, EXG";"null";"179,90";"assets/imagens/produtos/vestido-tamires.jpg";"assets/imagens/produtos/vestido-tamires.jpg";"nao";"92"
"Blusa Bruna";"Blusas";"null";"P, M, G, GG, EXG";"null";"99,90";"assets/imagens/produtos/blusa-bruna.png";"assets/imagens/produtos/catalogo-0094-original.jpg";"sim";"94"
"Vestido Aquila";"Vestidos";"01046";"P, M, G, GG, EXG";"null";"199,90";"assets/imagens/produtos/vestido-aquila.jpg";"assets/imagens/produtos/vestido-aquila.jpg";"nao";"95"
"Saia Alessandra";"Saias";"null";"PP, P, M, G";"null";"159,90";"assets/imagens/produtos/saia-alessandra.png";"assets/imagens/produtos/camisa-maisa-original.jpg";"sim";"99"
"Saia Katy";"Saias";"01396";"P, M, G, GG, EXG";"null";"94,90";"assets/imagens/produtos/saia-katy.png";"assets/imagens/produtos/catalogo-0100-original.jpg";"sim";"100"
"Blusa Melissa";"Blusas";"null";"P, M, G, GG, EXG";"null";"109,90";"assets/imagens/produtos/blusa-melissa.png";"assets/imagens/produtos/catalogo-0102-original.jpg";"sim";"102"
"Conjunto Mayara";"Conjuntos";"null";"P, M, G, GG, EXG";"null";"229,90";"assets/imagens/produtos/conjunto-mayara.jpg";"assets/imagens/produtos/conjunto-mayara.jpg";"nao";"103"
"Conjunto Dandara";"Conjuntos";"null";"PP, P, M, G, GG";"null";"239,90";"assets/imagens/produtos/conjunto-dandara.jpg";"assets/imagens/produtos/conjunto-dandara.jpg";"nao";"104"
"Saia Jéssica";"Saias";"00990";"PP, P, M, G, GG, EXG";"null";"89,90";"assets/imagens/produtos/saia-jessica.png";"assets/imagens/produtos/catalogo-0105-original.jpg";"sim";"105"
"Conjunto Katharina";"Conjuntos";"null";"P, M, G, GG, EXG";"null";"247,90";"assets/imagens/produtos/conjunto-katharina.jpg";"assets/imagens/produtos/conjunto-katharina.jpg";"nao";"107"
"Jardineira com Blusa Olivia";"Outros";"01186";"EXG";"null";"249,90";"assets/imagens/produtos/jardineira-com-blusa-olivia.jpg";"assets/imagens/produtos/jardineira-com-blusa-olivia.jpg";"nao";"112"
"Saia Marjorie";"Saias";"null";"P, EXG";"null";"169,90";"assets/imagens/produtos/saia-marjorie.png";"assets/imagens/produtos/camisa-beatriz-original.jpg";"sim";"120"
"Vestido Jade";"Vestidos";"null";"PP, P, M, G, GG";"null";"199,90";"assets/imagens/produtos/vestido-jade.jpg";"assets/imagens/produtos/vestido-jade.jpg";"nao";"122"
"Conjunto Olivia";"Conjuntos";"null";"P, M, G, GG";"null";"259,90";"assets/imagens/produtos/conjunto-olivia.jpg";"assets/imagens/produtos/conjunto-olivia.jpg";"nao";"124"
"Conjunto Ludmila";"Conjuntos";"null";"PP, P";"null";"209,90";"assets/imagens/produtos/conjunto-ludmila.jpg";"assets/imagens/produtos/conjunto-ludmila.jpg";"nao";"127"
"Vestido Gislaine";"Vestidos";"null";"PP, P, M, G, EXG";"null";"229,90";"assets/imagens/produtos/vestido-gislaine.jpg";"assets/imagens/produtos/vestido-gislaine.jpg";"nao";"128"
"Vestido Solange";"Vestidos";"null";"P, M, G, EXG";"null";"239,90";"assets/imagens/produtos/vestido-solange.jpg";"assets/imagens/produtos/vestido-solange.jpg";"nao";"130"
"Conjunto Magnolia";"Conjuntos";"null";"P, M, G, GG, EXG";"null";"249,90";"assets/imagens/produtos/conjunto-magnolia.jpg";"assets/imagens/produtos/conjunto-magnolia.jpg";"nao";"131"
"Blusa Lenita";"Blusas";"null";"M, G, GG, EXG";"null";"129,90";"assets/imagens/produtos/blusa-lenita.png";"assets/imagens/produtos/catalogo-0133-original.png";"sim";"133"
"Saia Larissa";"Saias";"null";"P, G";"null";"119,90";"assets/imagens/produtos/saia-larissa.png";"assets/imagens/produtos/catalogo-0133-original.png";"sim";"133"
"Saia Ester";"Saias";"null";"M, G, GG, EXG";"null";"89,90";"assets/imagens/produtos/saia-ester.png";"assets/imagens/produtos/catalogo-0134-original.jpg";"sim";"134"
"Vestido Úrsula";"Vestidos";"null";"50";"null";"139,90";"assets/imagens/produtos/vestido-ursula.jpg";"assets/imagens/produtos/vestido-ursula.jpg";"nao";"135"
"Conjunto Dione";"Conjuntos";"null";"P, M, G, GG, EXG";"null";"269,90";"assets/imagens/produtos/conjunto-dione.jpg";"assets/imagens/produtos/conjunto-dione.jpg";"nao";"136"
"Saia Nataly";"Saias";"00168";"GG, EXG";"null";"72,90";"assets/imagens/produtos/saia-nataly.jpg";"assets/imagens/produtos/saia-nataly.jpg";"nao";"423"
"Conjunto Pamela";"Conjuntos";"null";"P, M, G, GG";"null";"269,90";"assets/imagens/produtos/conjunto-pamela.jpg";"assets/imagens/produtos/conjunto-pamela.jpg";"nao";"139"
"Conjunto Lena";"Conjuntos";"null";"G, GG, EXG";"null";"249,90";"assets/imagens/produtos/conjunto-lena.jpg";"assets/imagens/produtos/conjunto-lena.jpg";"nao";"140"
"Trijunto Julia";"Outros";"null";"PP, P, M, G, GG";"null";"329,90";"assets/imagens/produtos/trijunto-julia.jpg";"assets/imagens/produtos/trijunto-julia.jpg";"nao";"141"
"Vestido Maitê";"Vestidos";"01049";"P";"null";"239,90";"assets/imagens/produtos/vestido-maite.jpg";"assets/imagens/produtos/vestido-maite.jpg";"nao";"217"
"Conjunto Tiffany";"Conjuntos";"null";"P, M, G, GG, EXG";"null";"249,90";"assets/imagens/produtos/conjunto-tiffany.jpg";"assets/imagens/produtos/conjunto-tiffany.jpg";"nao";"148"
"Conjunto Emma";"Conjuntos";"null";"P, M, G, GG";"null";"299,90";"assets/imagens/produtos/conjunto-emma.jpg";"assets/imagens/produtos/conjunto-emma.jpg";"nao";"149"
"Conjunto Shirley";"Conjuntos";"null";"P, M, G, EXG";"null";"219,90";"assets/imagens/produtos/conjunto-shirley.jpg";"assets/imagens/produtos/conjunto-shirley.jpg";"nao";"150"
"Conjunto Laura";"Conjuntos";"null";"GG";"null";"289,90";"assets/imagens/produtos/conjunto-laura.jpg";"assets/imagens/produtos/conjunto-laura.jpg";"nao";"151"
"Conjunto Alanes";"Conjuntos";"null";"PP, P, M, G, GG";"null";"269,90";"assets/imagens/produtos/conjunto-alanes.jpg";"assets/imagens/produtos/conjunto-alanes.jpg";"nao";"152"
"Conjunto Charlotte";"Conjuntos";"null";"P, M, G, GG, EXG";"null";"199,90";"assets/imagens/produtos/conjunto-charlotte.jpg";"assets/imagens/produtos/conjunto-charlotte.jpg";"nao";"153"
"Conjunto Clara";"Conjuntos";"null";"P, M, G, GG, EXG";"null";"219,90";"assets/imagens/produtos/conjunto-clara.jpg";"assets/imagens/produtos/conjunto-clara.jpg";"nao";"154"
"Vestido Anne";"Vestidos";"null";"GG";"null";"229,90";"assets/imagens/produtos/vestido-anne.png";"assets/imagens/produtos/catalogo-0156-original.jpg";"sim";"156"
"Vestido Lorena";"Vestidos";"null";"PP";"null";"209,90";"assets/imagens/produtos/vestido-lorena.jpg";"assets/imagens/produtos/vestido-lorena.jpg";"nao";"158"
"Conjunto Jeh";"Conjuntos";"null";"PP, P, M, G, GG";"null";"269,90";"assets/imagens/produtos/conjunto-jeh.jpg";"assets/imagens/produtos/conjunto-jeh.jpg";"nao";"159"
"Conjunto Rafaela";"Conjuntos";"null";"G";"null";"269,90";"assets/imagens/produtos/conjunto-rafaela.jpg";"assets/imagens/produtos/conjunto-rafaela.jpg";"nao";"160"
"Vestido Jordana";"Vestidos";"null";"P, M, G, GG, EXG";"null";"219,90";"assets/imagens/produtos/vestido-jordana.jpg";"assets/imagens/produtos/vestido-jordana.jpg";"nao";"161"
"Conjunto Edite";"Conjuntos";"01144";"M, G, GG, EXG";"null";"189,90";"assets/imagens/produtos/conjunto-edite.jpg";"assets/imagens/produtos/conjunto-edite.jpg";"nao";"162"
"Vestido Sandra";"Vestidos";"null";"P, M, G";"null";"229,90";"assets/imagens/produtos/vestido-sandra.jpg";"assets/imagens/produtos/vestido-sandra.jpg";"nao";"163"
"Vestido Joana";"Vestidos";"null";"G, GG, EXG";"null";"199,90";"assets/imagens/produtos/vestido-joana.jpg";"assets/imagens/produtos/vestido-joana.jpg";"nao";"164"
"Vestido Juliana";"Vestidos";"null";"M, G, GG, EXG";"null";"229,90";"assets/imagens/produtos/vestido-juliana.jpg";"assets/imagens/produtos/vestido-juliana.jpg";"nao";"166"
"Vestido Marion";"Vestidos";"null";"P, M";"null";"199,90";"assets/imagens/produtos/vestido-marion.jpg";"assets/imagens/produtos/vestido-marion.jpg";"nao";"167"
"Vestido Jaqueline";"Vestidos";"null";"P, M";"null";"219,90";"assets/imagens/produtos/vestido-jaqueline.jpg";"assets/imagens/produtos/vestido-jaqueline.jpg";"nao";"168"
"Vestido Ayla";"Vestidos";"null";"P";"null";"249,90";"assets/imagens/produtos/vestido-ayla.jpg";"assets/imagens/produtos/vestido-ayla.jpg";"nao";"169"
"Conjunto Ariane";"Conjuntos";"null";"G";"null";"239,90";"assets/imagens/produtos/conjunto-ariane.jpg";"assets/imagens/produtos/conjunto-ariane.jpg";"nao";"171"
"Vestido Zuleica";"Vestidos";"null";"P, M";"null";"159,90";"assets/imagens/produtos/vestido-zuleica.jpg";"assets/imagens/produtos/vestido-zuleica.jpg";"nao";"172"
"Vestido Olga";"Vestidos";"null";"P";"null";"239,90";"assets/imagens/produtos/vestido-olga.jpg";"assets/imagens/produtos/vestido-olga.jpg";"nao";"173"
"Vestido Alexa";"Vestidos";"null";"P";"null";"219,90";"assets/imagens/produtos/vestido-alexa.jpg";"assets/imagens/produtos/vestido-alexa.jpg";"nao";"174"
"Vestido Composé Rafaela";"Vestidos";"01183";"GG";"null";"149,90";"assets/imagens/produtos/vestido-compose-rafaela.jpg";"assets/imagens/produtos/vestido-compose-rafaela.jpg";"nao";"175"
"Vestido Adele";"Vestidos";"null";"P";"null";"179,90";"assets/imagens/produtos/vestido-adele.jpg";"assets/imagens/produtos/vestido-adele.jpg";"nao";"177"
"Vestido Leonora";"Vestidos";"null";"G, EXG";"null";"199,90";"assets/imagens/produtos/vestido-leonora.jpg";"assets/imagens/produtos/vestido-leonora.jpg";"nao";"178"
"Saia Yasmim";"Saias";"null";"P, EXG";"null";"159,90";"assets/imagens/produtos/saia-yasmim.png";"assets/imagens/produtos/catalogo-0180-original.jpg";"sim";"180"
"Blusa Lavinia";"Blusas";"null";"P, M, G, GG, EXG";"null";"79,90";"assets/imagens/produtos/blusa-lavinia.png";"assets/imagens/produtos/catalogo-0223-original.jpg";"sim";"223"
"Vestido Salete";"Vestidos";"null";"P, M, G, GG, EXG";"null";"269,90";"assets/imagens/produtos/vestido-salete.jpg";"assets/imagens/produtos/vestido-salete.jpg";"nao";"187"
"Vestido Roberta";"Vestidos";"null";"P, M, G, GG, EXG";"null";"219,90";"assets/imagens/produtos/vestido-roberta.jpg";"assets/imagens/produtos/vestido-roberta.jpg";"nao";"188"
"Saia Gabriele";"Saias";"null";"P, M, G, GG, EXG";"null";"119,90";"assets/imagens/produtos/saia-gabriele.png";"assets/imagens/produtos/catalogo-0191-original.jpg";"sim";"191"
"Vestido Julia";"Vestidos";"01057";"P, M";"null";"199,90";"assets/imagens/produtos/vestido-julia.png";"assets/imagens/produtos/vestido-julia.png";"nao";"192"
"Vestido Rebeca";"Vestidos";"null";"P, M, G, GG, EXG";"null";"229,90";"assets/imagens/produtos/vestido-rebeca.jpg";"assets/imagens/produtos/vestido-rebeca.jpg";"nao";"193"
"Blusa Fabiola";"Blusas";"null";"G, GG, EXG";"null";"109,90";"assets/imagens/produtos/blusa-fabiola.png";"assets/imagens/produtos/catalogo-0194-original.png";"sim";"194"
"Saia Tamires";"Saias";"null";"M, G";"null";"99,90";"assets/imagens/produtos/saia-tamires.png";"assets/imagens/produtos/catalogo-0194-original.png";"sim";"194"
"Blusa Catarina";"Blusas";"01362";"M, G, GG, EXG";"null";"89,90";"assets/imagens/produtos/blusa-catarina.png";"assets/imagens/produtos/catalogo-0195-original.jpg";"sim";"195"
"Vestido Hortência";"Vestidos";"01224";"P, M, GG, EXG, 48, 50";"null";"48,50";"assets/imagens/produtos/vestido-hortencia.jpg";"assets/imagens/produtos/vestido-hortencia.jpg";"nao";"197"
"Vestido Lavinia";"Vestidos";"01113";"P, M";"null";"239,90";"assets/imagens/produtos/vestido-lavinia.jpg";"assets/imagens/produtos/vestido-lavinia.jpg";"nao";"198"
"Blusa Yara";"Blusas";"null";"P, M, G, GG, EXG";"null";"109,90";"assets/imagens/produtos/blusa-yara.png";"assets/imagens/produtos/catalogo-0199-original.jpg";"sim";"199"
"Blusa Valesca";"Blusas";"null";"P, M, EXG";"null";"119,90";"assets/imagens/produtos/blusa-valesca.png";"assets/imagens/produtos/catalogo-0201-original.jpg";"sim";"201"
"Blusa Lais";"Blusas";"null";"P, M, G, GG, EXG";"null";"99,90";"assets/imagens/produtos/blusa-lais.png";"assets/imagens/produtos/catalogo-0202-original.jpg";"sim";"202"
"Saia Nancy";"Saias";"null";"P, M, G, GG, EXG";"null";"89,90";"assets/imagens/produtos/saia-nancy.png";"assets/imagens/produtos/catalogo-0202-original.jpg";"sim";"202"
"Saia Nathalia";"Saias";"null";"P, M, G, GG, EXG";"null";"109,90";"assets/imagens/produtos/saia-nathalia.jpg";"assets/imagens/produtos/saia-nathalia.jpg";"nao";"221"
"Saia Thalia";"Saias";"01454";"P";"null";"119,90";"assets/imagens/produtos/saia-thalia.png";"assets/imagens/produtos/camisa-relga-original.png";"sim";"204"
"Blusa Mari";"Blusas";"01294";"P, M, G";"null";"79,90";"assets/imagens/produtos/blusa-mari.png";"assets/imagens/produtos/catalogo-0205-original.png";"sim";"205"
"Saia Claudia";"Saias";"null";"PP, P";"null";"119,90";"assets/imagens/produtos/saia-claudia.png";"assets/imagens/produtos/catalogo-0210-original.jpg";"sim";"210"
"Vestido Estela";"Vestidos";"01221";"P, M, G, GG";"null";"169,90";"assets/imagens/produtos/vestido-estela.jpg";"assets/imagens/produtos/vestido-estela.jpg";"nao";"213"
"Vestido Dandara";"Vestidos";"01168";"P, M";"null";"199,90";"assets/imagens/produtos/vestido-dandara.jpg";"assets/imagens/produtos/vestido-dandara.jpg";"nao";"214"
"Blusa Andréia";"Blusas";"01375";"P, M, G, GG, EXG";"null";"89,90";"assets/imagens/produtos/blusa-andreia.png";"assets/imagens/produtos/catalogo-0330-original.jpg";"sim";"330"
"Saia Cibele";"Saias";"null";"PP, P, M, G, GG";"null";"89,90";"assets/imagens/produtos/saia-cibele.png";"assets/imagens/produtos/catalogo-0215-original.jpg";"sim";"215"
"Tubinho Laura";"Outros";"01209";"GG, EXG";"null";"169,90";"assets/imagens/produtos/tubinho-laura.jpg";"assets/imagens/produtos/tubinho-laura.jpg";"nao";"219"
"Conjunto Evilyn";"Conjuntos";"null";"GG";"null";"189,90";"assets/imagens/produtos/conjunto-evilyn.jpg";"assets/imagens/produtos/conjunto-evilyn.jpg";"nao";"224"
"Vestido Tânia";"Vestidos";"01102";"P";"null";"179,90";"assets/imagens/produtos/vestido-tania.png";"assets/imagens/produtos/vestido-tania.png";"nao";"227"
"Vestido Paloma";"Vestidos";"01174";"M";"null";"169,90";"assets/imagens/produtos/vestido-paloma.jpg";"assets/imagens/produtos/vestido-paloma.jpg";"nao";"230"
"Vestido Jessica";"Vestidos";"01254";"PP, P";"null";"179,90";"assets/imagens/produtos/vestido-jessica.png";"assets/imagens/produtos/vestido-jessica.png";"nao";"231"
"Conjunto Nataly";"Conjuntos";"01267";"PP, P";"null";"229,90";"assets/imagens/produtos/conjunto-nataly.png";"assets/imagens/produtos/conjunto-nataly.png";"nao";"232"
"Vestido Leia";"Vestidos";"01035";"PP, P";"null";"139,90";"assets/imagens/produtos/vestido-leia.jpg";"assets/imagens/produtos/vestido-leia.jpg";"nao";"234"
"Vestido Celina";"Vestidos";"01201";"P, M";"null";"179,90";"assets/imagens/produtos/vestido-celina.jpg";"assets/imagens/produtos/vestido-celina.jpg";"nao";"235"
"Saia Eliete";"Saias";"null";"P, M, G, GG";"null";"79,90";"assets/imagens/produtos/saia-eliete.png";"assets/imagens/produtos/catalogo-0237-original.png";"sim";"237"
"Blusa Lucilene";"Blusas";"01252";"P, M, G";"null";"79,90";"assets/imagens/produtos/blusa-lucilene.png";"assets/imagens/produtos/catalogo-0239-original.png";"sim";"239"
"Blusa Clara";"Blusas";"null";"P, M, G";"null";"79,90";"assets/imagens/produtos/blusa-clara.png";"assets/imagens/produtos/catalogo-0240-original.png";"sim";"240"
"Vestido Liliane";"Vestidos";"01285";"M, G, GG";"null";"189,90";"assets/imagens/produtos/vestido-liliane.jpg";"assets/imagens/produtos/vestido-liliane.jpg";"nao";"244"
"Vestido Cacilda";"Vestidos";"01162";"P, M, 48, 50";"null";"48,50";"assets/imagens/produtos/vestido-cacilda.jpg";"assets/imagens/produtos/vestido-cacilda.jpg";"nao";"246"
"Saia Camila";"Saias";"null";"PP, P";"null";"119,90";"assets/imagens/produtos/saia-camila.png";"assets/imagens/produtos/catalogo-0247-original.jpg";"sim";"247"
"Blusa Solange";"Blusas";"01272";"P, M";"null";"79,90";"assets/imagens/produtos/blusa-solange.png";"assets/imagens/produtos/catalogo-0250-original.png";"sim";"250"
"Saia Pamela";"Saias";"null";"EXG";"null";"119,90";"assets/imagens/produtos/saia-pamela.png";"assets/imagens/produtos/catalogo-0250-original.png";"sim";"250"
"Blusa Bella";"Blusas";"00424";"M";"null";"79,90";"assets/imagens/produtos/blusa-bella.png";"assets/imagens/produtos/catalogo-0251-original.png";"sim";"251"
"Blusa Fabiana";"Blusas";"00699";"P";"null";"89,90";"assets/imagens/produtos/blusa-fabiana.png";"assets/imagens/produtos/catalogo-0252-original.png";"sim";"252"
"Saia Clara";"Saias";"00754";"EXG";"null";"99,90";"assets/imagens/produtos/saia-clara.png";"assets/imagens/produtos/catalogo-0252-original.png";"sim";"252"
"Vestido Telma";"Vestidos";"null";"P";"null";"209,90";"assets/imagens/produtos/vestido-telma.jpg";"assets/imagens/produtos/vestido-telma.jpg";"nao";"267"
"Vestido Pamela";"Vestidos";"null";"P, M, G, GG";"null";"239,90";"assets/imagens/produtos/vestido-pamela.jpg";"assets/imagens/produtos/vestido-pamela.jpg";"nao";"268"
"Vestido Gisele";"Vestidos";"null";"M, G";"null";"179,90";"assets/imagens/produtos/vestido-gisele.jpg";"assets/imagens/produtos/vestido-gisele.jpg";"nao";"271"
"Vestido Aurora";"Vestidos";"null";"P, M, GG";"null";"229,90";"assets/imagens/produtos/vestido-aurora.jpg";"assets/imagens/produtos/vestido-aurora.jpg";"nao";"274"
"Vestido Sônia";"Vestidos";"01351";"P, M, G";"null";"199,90";"assets/imagens/produtos/vestido-sonia.jpg";"assets/imagens/produtos/vestido-sonia.jpg";"nao";"275"
"Vestido Letícia";"Vestidos";"01207";"P, M";"null";"159,90";"assets/imagens/produtos/vestido-leticia.jpg";"assets/imagens/produtos/vestido-leticia.jpg";"nao";"276"
"Vestido Emily";"Vestidos";"01289";"M, G, GG";"null";"199,90";"assets/imagens/produtos/vestido-emily.jpg";"assets/imagens/produtos/vestido-emily.jpg";"nao";"277"
"Vestido Vivien";"Vestidos";"null";"G, EXG";"null";"149,90";"assets/imagens/produtos/vestido-vivien.jpg";"assets/imagens/produtos/vestido-vivien.jpg";"nao";"279"
"Saia Perla";"Saias";"01082";"P";"null";"109,90";"assets/imagens/produtos/saia-perla.png";"assets/imagens/produtos/catalogo-0281-original.jpg";"sim";"281"
"Conjunto Lidia";"Conjuntos";"null";"P, M";"null";"219,90";"assets/imagens/produtos/conjunto-lidia.jpg";"assets/imagens/produtos/conjunto-lidia.jpg";"nao";"282"
"Vestido Sofia";"Vestidos";"01415";"P, G, GG";"null";"199,90";"assets/imagens/produtos/vestido-sofia.jpg";"assets/imagens/produtos/vestido-sofia.jpg";"nao";"284"
"Conjunto Mariah";"Conjuntos";"01392";"P";"null";"169,90";"assets/imagens/produtos/conjunto-mariah.jpg";"assets/imagens/produtos/conjunto-mariah.jpg";"nao";"286"
"Conjunto Isabela";"Conjuntos";"01401";"PP, P, M, G";"null";"189,90";"assets/imagens/produtos/conjunto-isabela.jpg";"assets/imagens/produtos/conjunto-isabela.jpg";"nao";"288"
"Vestido Isadora";"Vestidos";"01336";"P";"null";"189,90";"assets/imagens/produtos/vestido-isadora.jpg";"assets/imagens/produtos/vestido-isadora.jpg";"nao";"289"
"Saia Vilma";"Saias";"00696";"P, M, G, GG, EXG";"null";"89,90";"assets/imagens/produtos/saia-vilma.png";"assets/imagens/produtos/catalogo-0293-original.jpg";"sim";"293"
"Vestido Flora";"Vestidos";"01424";"P";"null";"109,90";"assets/imagens/produtos/vestido-flora.jpg";"assets/imagens/produtos/vestido-flora.jpg";"nao";"295"
"Vestido Guta";"Vestidos";"01425";"P, M, G";"null";"219,90";"assets/imagens/produtos/vestido-guta.jpg";"assets/imagens/produtos/vestido-guta.jpg";"nao";"296"
"Vestido Eliana";"Vestidos";"01364";"P";"null";"219,90";"assets/imagens/produtos/vestido-eliana.jpg";"assets/imagens/produtos/vestido-eliana.jpg";"nao";"297"
"Vestido Isaura";"Vestidos";"01257";"P, M, G, GG, EXG";"null";"179,90";"assets/imagens/produtos/vestido-isaura.jpg";"assets/imagens/produtos/vestido-isaura.jpg";"nao";"303"
"Blusa Alanis";"Blusas";"01233";"P, M";"null";"74,90";"assets/imagens/produtos/blusa-alanis.png";"assets/imagens/produtos/catalogo-0304-original.jpg";"sim";"304"
"Blusa Iolanda Plus Size";"Blusas";"01047";"48, 50, 52, 54";"null";"79,90";"assets/imagens/produtos/blusa-iolanda-plus-size.png";"assets/imagens/produtos/catalogo-0307-original.png";"sim";"307"
"Blusa Rosana";"Blusas";"01028";"48, 50, 52, 54";"null";"48,50";"assets/imagens/produtos/blusa-rosana.png";"assets/imagens/produtos/catalogo-0309-original.png";"sim";"309"
"Vestido Simône";"Vestidos";"01350";"P, M, G, GG, EXG";"null";"189,90";"assets/imagens/produtos/vestido-simone.jpg";"assets/imagens/produtos/vestido-simone.jpg";"nao";"313"
"Vestido Raquel";"Vestidos";"01342";"M, G, GG, EXG";"null";"219,90";"assets/imagens/produtos/vestido-raquel.jpg";"assets/imagens/produtos/vestido-raquel.jpg";"nao";"319"
"Blusa Jane";"Blusas";"01376";"M, G, GG";"null";"89,90";"assets/imagens/produtos/blusa-jane.png";"assets/imagens/produtos/catalogo-0326-original.jpg";"sim";"326"
"Vestido Vera";"Vestidos";"01343";"P, M, G";"null";"199,90";"assets/imagens/produtos/vestido-vera.jpg";"assets/imagens/produtos/vestido-vera.jpg";"nao";"329"
"Vestido Suzana";"Vestidos";"01361";"M, G, GG, EXG";"null";"169,90";"assets/imagens/produtos/vestido-suzana.jpg";"assets/imagens/produtos/vestido-suzana.jpg";"nao";"331"
"Saia Eliz";"Saias";"01378";"P, GG, EXG";"null";"89,90";"assets/imagens/produtos/saia-eliz.png";"assets/imagens/produtos/catalogo-0332-original.jpg";"sim";"332"
"Blusa Elisa";"Blusas";"01277";"P, G";"null";"79,90";"assets/imagens/produtos/blusa-elisa.jpg";"assets/imagens/produtos/blusa-elisa.jpg";"nao";"334"
"Vestido Mayumi";"Vestidos";"01365";"P, G";"null";"199,90";"assets/imagens/produtos/vestido-mayumi.jpg";"assets/imagens/produtos/vestido-mayumi.jpg";"nao";"336"
"Vestido Thaís";"Vestidos";"01360";"P";"null";"189,90";"assets/imagens/produtos/vestido-thais.jpg";"assets/imagens/produtos/vestido-thais.jpg";"nao";"338"
"Vestido Edite";"Vestidos";"00479";"M, G, GG";"null";"119,90";"assets/imagens/produtos/vestido-edite.jpg";"assets/imagens/produtos/vestido-edite.jpg";"nao";"339"
"Blusa Cibele";"Blusas";"01316";"P, M, G";"null";"79,90";"assets/imagens/produtos/blusa-cibele.png";"assets/imagens/produtos/catalogo-0340-original.jpg";"sim";"340"
"Saia Valentina";"Saias";"01348";"GG, EXG";"null";"79,90";"assets/imagens/produtos/saia-valentina.png";"assets/imagens/produtos/catalogo-0340-original.jpg";"sim";"340"
"Blusa Cristiane";"Blusas";"01192";"P";"null";"99,90";"assets/imagens/produtos/blusa-cristiane.png";"assets/imagens/produtos/catalogo-0343-original.jpg";"sim";"343"
"Saia Celeste";"Saias";"01339";"G";"null";"89,90";"assets/imagens/produtos/saia-celeste.png";"assets/imagens/produtos/catalogo-0343-original.jpg";"sim";"343"
"Vestido Joyce";"Vestidos";"01345";"M, G, GG";"null";"219,90";"assets/imagens/produtos/vestido-joyce.jpg";"assets/imagens/produtos/vestido-joyce.jpg";"nao";"345"
"Saia Breda";"Saias";"01136";"P, G, EXG";"null";"109,90";"assets/imagens/produtos/saia-breda.png";"assets/imagens/produtos/catalogo-0347-original.jpg";"sim";"347"
"Saia Ruth";"Saias";"01230";"P, GG, EXG";"null";"79,90";"assets/imagens/produtos/saia-ruth.png";"assets/imagens/produtos/catalogo-0348-original.jpg";"sim";"348"
"Blusa Paola";"Blusas";"00873";"P";"null";"79,90";"assets/imagens/produtos/blusa-paola.png";"assets/imagens/produtos/catalogo-0353-original.jpg";"sim";"353"
"Blusa Ingrid";"Blusas";"01213";"P, GG";"null";"79,90";"assets/imagens/produtos/blusa-ingrid.png";"assets/imagens/produtos/catalogo-0357-original.jpg";"sim";"357"
"Saia Gildete";"Saias";"00450";"P, M, G, GG, EXG";"null";"89,90";"assets/imagens/produtos/saia-gildete.png";"assets/imagens/produtos/catalogo-0358-original.jpg";"sim";"358"
"Blusa Priscila";"Blusas";"01279";"G, EXG";"null";"79,90";"assets/imagens/produtos/blusa-priscila.png";"assets/imagens/produtos/catalogo-0359-original.jpg";"sim";"359"
"Saia Ayla";"Saias";"00797";"G, GG";"null";"89,90";"assets/imagens/produtos/saia-ayla.png";"assets/imagens/produtos/catalogo-0360-original.jpg";"sim";"360"
"Blusa Edna";"Blusas";"01261";"M, G";"null";"79,90";"assets/imagens/produtos/blusa-edna.png";"assets/imagens/produtos/catalogo-0362-original.jpg";"sim";"362"
"Vestido Geane";"Vestidos";"01092";"P";"null";"119,90";"assets/imagens/produtos/vestido-geane.jpg";"assets/imagens/produtos/vestido-geane.jpg";"nao";"364"
"Blusa Pamela";"Blusas";"01297";"P, GG";"null";"79,90";"assets/imagens/produtos/blusa-pamela.png";"assets/imagens/produtos/catalogo-0366-original.jpg";"sim";"366"
"Vestido Sol";"Vestidos";"01281";"P";"null";"199,90";"assets/imagens/produtos/vestido-sol.jpg";"assets/imagens/produtos/vestido-sol.jpg";"nao";"367"
"Vestido Thereza";"Vestidos";"01271";"M";"null";"199,90";"assets/imagens/produtos/vestido-thereza.jpg";"assets/imagens/produtos/vestido-thereza.jpg";"nao";"368"
"Conjunto Larissa";"Conjuntos";"01295";"GG, EXG";"null";"219,90";"assets/imagens/produtos/conjunto-larissa.jpg";"assets/imagens/produtos/conjunto-larissa.jpg";"nao";"369"
"Vestido Elis";"Vestidos";"00954";"PP, P";"null";"89,90";"assets/imagens/produtos/vestido-elis.jpg";"assets/imagens/produtos/vestido-elis.jpg";"nao";"373"
"Vestido Kyara";"Vestidos";"01100";"P";"null";"199,90";"assets/imagens/produtos/vestido-kyara.jpg";"assets/imagens/produtos/vestido-kyara.jpg";"nao";"375"
"Blusa Leona";"Blusas";"01292";"M, GG, EXG";"null";"74,90";"assets/imagens/produtos/blusa-leona.png";"assets/imagens/produtos/catalogo-0376-original.jpg";"sim";"376"
"Vestido Elizabeth";"Vestidos";"01231";"P, M, G, GG";"null";"219,90";"assets/imagens/produtos/vestido-elizabeth.jpg";"assets/imagens/produtos/vestido-elizabeth.jpg";"nao";"377"
"Blusa Carolina";"Blusas";"01232";"P, M, G";"null";"79,90";"assets/imagens/produtos/blusa-carolina.png";"assets/imagens/produtos/catalogo-0378-original.jpg";"sim";"378"
"Blusa Thalita";"Blusas";"00729";"P, M, GG, EXG";"null";"49,90";"assets/imagens/produtos/blusa-thalita.png";"assets/imagens/produtos/catalogo-0379-original.jpg";"sim";"379"
"Camisa Ludmila";"Camisas";"01146";"P";"null";"99,90";"assets/imagens/produtos/camisa-ludmila.png";"assets/imagens/produtos/catalogo-0382-original.jpg";"sim";"382"
"Saia Patrícia";"Saias";"00872";"M, G, EXG";"null";"89,90";"assets/imagens/produtos/saia-patricia.png";"assets/imagens/produtos/catalogo-0386-original.jpg";"sim";"386"
"Blusa Rafaela";"Blusas";"00994";"P";"null";"79,90";"assets/imagens/produtos/blusa-rafaela.png";"assets/imagens/produtos/catalogo-0388-original.jpg";"sim";"388"
"Blusa Daniele";"Blusas";"00913";"P";"null";"79,90";"assets/imagens/produtos/blusa-daniele.png";"assets/imagens/produtos/catalogo-0389-original.jpg";"sim";"389"
"Blusa Jasmim";"Blusas";"00909";"P";"null";"69,90";"assets/imagens/produtos/blusa-jasmim.png";"assets/imagens/produtos/catalogo-0391-original.jpg";"sim";"391"
"Saia Jamily";"Saias";"00926";"P, EXG";"null";"89,90";"assets/imagens/produtos/saia-jamily.png";"assets/imagens/produtos/catalogo-0391-original.jpg";"sim";"391"
"Blusa Camily";"Blusas";"00866";"P, M";"null";"49,90";"assets/imagens/produtos/blusa-camily.png";"assets/imagens/produtos/catalogo-0392-original.jpg";"sim";"392"
"Vestido Silmara";"Vestidos";"00187";"EXG";"null";"119,90";"assets/imagens/produtos/vestido-silmara.jpg";"assets/imagens/produtos/vestido-silmara.jpg";"nao";"393"
"Vestido Fernanda";"Vestidos";"00964";"P, G";"null";"179,90";"assets/imagens/produtos/vestido-fernanda.jpg";"assets/imagens/produtos/vestido-fernanda.jpg";"nao";"395"
"Blusa Marê";"Blusas";"00707";"M, GG";"null";"69,90";"assets/imagens/produtos/blusa-mare.png";"assets/imagens/produtos/catalogo-0396-original.jpg";"sim";"396"
"Blusa Betina";"Blusas";"00675";"P, M, GG";"null";"69,90";"assets/imagens/produtos/blusa-betina.png";"assets/imagens/produtos/catalogo-0398-original.jpg";"sim";"398"
"Blusa Marléia";"Blusas";"01399";"P, M, G, GG, EXG";"null";"79,90";"assets/imagens/produtos/blusa-marleia.jpg";"assets/imagens/produtos/blusa-marleia.jpg";"nao";"399"
"Blusa Sol";"Blusas";"01157";"P, M, G";"null";"79,90";"assets/imagens/produtos/blusa-sol.jpg";"assets/imagens/produtos/blusa-sol.jpg";"nao";"400"
"Blusa Isa";"Blusas";"01118";"P";"null";"99,90";"assets/imagens/produtos/blusa-isa.jpg";"assets/imagens/produtos/blusa-isa.jpg";"nao";"402"
"Blusa Otília";"Blusas";"00046";"GG, EXG";"null";"79,90";"assets/imagens/produtos/blusa-otilia.jpg";"assets/imagens/produtos/blusa-otilia.jpg";"nao";"403"
"Blusa Ludmila";"Blusas";"00959";"P";"null";"79,90";"assets/imagens/produtos/blusa-ludmila.jpg";"assets/imagens/produtos/blusa-ludmila.jpg";"nao";"405"
"Blusa Nayane";"Blusas";"00388";"P";"null";"59,90";"assets/imagens/produtos/blusa-nayane.jpg";"assets/imagens/produtos/blusa-nayane.jpg";"nao";"406"
"Blusa Lucy";"Blusas";"00028";"PP";"null";"69,90";"assets/imagens/produtos/blusa-lucy.jpg";"assets/imagens/produtos/blusa-lucy.jpg";"nao";"407"
"Blusa Paula";"Blusas";"01369";"G";"null";"89,90";"assets/imagens/produtos/blusa-paula.jpg";"assets/imagens/produtos/blusa-paula.jpg";"nao";"408"
"T-Shirt Sara";"Outros";"00612";"PP, P";"null";"49,90";"assets/imagens/produtos/t-shirt-sara.jpg";"assets/imagens/produtos/t-shirt-sara.jpg";"nao";"410"
"Saia Marieta";"Saias";"01112";"P";"null";"129,90";"assets/imagens/produtos/saia-marieta.jpg";"assets/imagens/produtos/saia-marieta.jpg";"nao";"420"
"Saia Meire";"Saias";"00137";"P, G, GG, EXG";"null";"72,90";"assets/imagens/produtos/saia-meire.jpg";"assets/imagens/produtos/saia-meire.jpg";"nao";"421"
"Saia Jussara";"Saias";"null";"GG, EXG";"null";"139,90";"assets/imagens/produtos/saia-jussara.jpg";"assets/imagens/produtos/saia-jussara.jpg";"nao";"425"
"Saia Reder";"Saias";"01310";"M, G, GG, EXG";"null";"79,90";"assets/imagens/produtos/saia-reder.jpg";"assets/imagens/produtos/saia-reder.jpg";"nao";"426"
"Saia Carla";"Saias";"00154";"GG";"null";"99,90";"assets/imagens/produtos/saia-carla.jpg";"assets/imagens/produtos/saia-carla.jpg";"nao";"428"
